{
  "n_test": 28439,
  "positive_rate_test": 0.2241640001406519,
  "baseline_majority_accuracy": 0.775835999859348,
  "accuracy": 0.8173283167481276,
  "precision": 0.5680507497116494,
  "recall": 0.7725490196078432,
  "f1": 0.6547025589896975,
  "roc_auc": 0.887645224587297,
  "brier_score": 0.12860581278800964,
  "confusion_matrix": [
    [
      18319,
      3745
    ],
    [
      1450,
      4925
    ]
  ]
}